result_file,Configuration Name,mode_top2.QOS_CONFIG:4,mode_top2.DDR0_ECC_EN:1,mode_task_0.ENABLE:1,mode_task_1.ENABLE:1,mode_task_2.ENABLE:1,mode_task_3.ENABLE:1,mode_task_4.ENABLE:1,mode_task_5.ENABLE:1,mode_task_6.ENABLE:1,mode_task_7.ENABLE:1,mode_task_8.ENABLE:1,mode_task_9.ENABLE:1,mode_task_0.TASK_ID:6,mode_task_1.TASK_ID:6,mode_task_2.TASK_ID:6,mode_task_3.TASK_ID:6,mode_task_4.TASK_ID:6,mode_task_5.TASK_ID:6,mode_task_6.TASK_ID:6,mode_task_7.TASK_ID:6,mode_task_8.TASK_ID:6,mode_task_9.TASK_ID:6,mode_task_0.TASK_INST:2,mode_task_1.TASK_INST:2,mode_task_2.TASK_INST:2,mode_task_3.TASK_INST:2,mode_task_4.TASK_INST:2,mode_task_5.TASK_INST:2,mode_task_6.TASK_INST:2,mode_task_7.TASK_INST:2,mode_task_8.TASK_INST:2,mode_task_9.TASK_INST:2,mode_task_user_0.ACCEL_LOAD_TYPE:4,mode_task_user_1.ACCEL_LOAD_TYPE:4,mode_task_user_2.ACCEL_LOAD_TYPE:4,mode_task_user_3.ACCEL_LOAD_TYPE:4,mode_task_user_4.ACCEL_LOAD_TYPE:4,mode_task_user_5.ACCEL_LOAD_TYPE:4,mode_task_user_6.ACCEL_LOAD_TYPE:4,mode_task_user_7.ACCEL_LOAD_TYPE:4,mode_task_user_8.ACCEL_LOAD_TYPE:4,mode_task_user_9.ACCEL_LOAD_TYPE:4,mode_ch_0_0.ENABLE:1,mode_ch_1_0.ENABLE:1,mode_ch_2_0.ENABLE:1,mode_ch_3_0.ENABLE:1,mode_ch_4_0.ENABLE:1,mode_ch_5_0.ENABLE:1,mode_ch_6_0.ENABLE:1,mode_ch_7_0.ENABLE:1,mode_ch_8_0.ENABLE:1,mode_ch_9_0.ENABLE:1,mode_ch_0_0.SRC_MEM:6,mode_ch_1_0.SRC_MEM:6,mode_ch_2_0.SRC_MEM:6,mode_ch_3_0.SRC_MEM:6,mode_ch_4_0.SRC_MEM:6,mode_ch_5_0.SRC_MEM:6,mode_ch_6_0.SRC_MEM:6,mode_ch_7_0.SRC_MEM:6,mode_ch_8_0.SRC_MEM:6,mode_ch_9_0.SRC_MEM:6,mode_ch_0_0.DEST_MEM:6,mode_ch_1_0.DEST_MEM:6,mode_ch_2_0.DEST_MEM:6,mode_ch_3_0.DEST_MEM:6,mode_ch_4_0.DEST_MEM:6,mode_ch_5_0.DEST_MEM:6,mode_ch_6_0.DEST_MEM:6,mode_ch_7_0.DEST_MEM:6,mode_ch_8_0.DEST_MEM:6,mode_ch_9_0.DEST_MEM:6,mode_ch_0_0.BURST_SIZE:8,mode_ch_1_0.BURST_SIZE:8,mode_ch_2_0.BURST_SIZE:8,mode_ch_3_0.BURST_SIZE:8,mode_ch_4_0.BURST_SIZE:8,mode_ch_5_0.BURST_SIZE:8,mode_ch_6_0.BURST_SIZE:8,mode_ch_7_0.BURST_SIZE:8,mode_ch_8_0.BURST_SIZE:8,mode_ch_9_0.BURST_SIZE:8,mode_ch_user_0_0.SR_MEM_ADDR_ROLLBACK_EN:1,mode_ch_user_1_0.SR_MEM_ADDR_ROLLBACK_EN:1,mode_ch_user_2_0.SR_MEM_ADDR_ROLLBACK_EN:1,mode_ch_user_3_0.SR_MEM_ADDR_ROLLBACK_EN:1,mode_ch_user_4_0.SR_MEM_ADDR_ROLLBACK_EN:1,mode_ch_user_5_0.SR_MEM_ADDR_ROLLBACK_EN:1,mode_ch_user_6_0.SR_MEM_ADDR_ROLLBACK_EN:1,mode_ch_user_7_0.SR_MEM_ADDR_ROLLBACK_EN:1,mode_ch_user_8_0.SR_MEM_ADDR_ROLLBACK_EN:1,mode_ch_user_9_0.SR_MEM_ADDR_ROLLBACK_EN:1,mode_ch_user_0_0.DES_MEM_ADDR_ROLLBACK_EN:1,mode_ch_user_1_0.DES_MEM_ADDR_ROLLBACK_EN:1,mode_ch_user_2_0.DES_MEM_ADDR_ROLLBACK_EN:1,mode_ch_user_3_0.DES_MEM_ADDR_ROLLBACK_EN:1,mode_ch_user_4_0.DES_MEM_ADDR_ROLLBACK_EN:1,mode_ch_user_5_0.DES_MEM_ADDR_ROLLBACK_EN:1,mode_ch_user_6_0.DES_MEM_ADDR_ROLLBACK_EN:1,mode_ch_user_7_0.DES_MEM_ADDR_ROLLBACK_EN:1,mode_ch_user_8_0.DES_MEM_ADDR_ROLLBACK_EN:1,mode_ch_user_9_0.DES_MEM_ADDR_ROLLBACK_EN:1,mode_ch_user_0_0.BURST_MULTIPLIER:14,mode_ch_user_1_0.BURST_MULTIPLIER:14,mode_ch_user_2_0.BURST_MULTIPLIER:14,mode_ch_user_3_0.BURST_MULTIPLIER:14,mode_ch_user_4_0.BURST_MULTIPLIER:14,mode_ch_user_5_0.BURST_MULTIPLIER:14,mode_ch_user_6_0.BURST_MULTIPLIER:14,mode_ch_user_7_0.BURST_MULTIPLIER:14,mode_ch_user_8_0.BURST_MULTIPLIER:14,mode_ch_user_9_0.BURST_MULTIPLIER:14,data_size_0_0.BYTES,data_size_1_0.BYTES,data_size_2_0.BYTES,data_size_3_0.BYTES,data_size_4_0.BYTES,data_size_5_0.BYTES,data_size_6_0.BYTES,data_size_7_0.BYTES,data_size_8_0.BYTES,data_size_9_0.BYTES,time_target_0_0.MICROSEC,time_target_1_0.MICROSEC,time_target_2_0.MICROSEC,time_target_3_0.MICROSEC,time_target_4_0.MICROSEC,time_target_5_0.MICROSEC,time_target_6_0.MICROSEC,time_target_7_0.MICROSEC,time_target_8_0.MICROSEC,time_target_9_0.MICROSEC,TASK_Throughput_0,TASK_Throughput_1,TASK_Throughput_2,TASK_Throughput_3,TASK_Throughput_4,TASK_Throughput_5,TASK_Throughput_6,TASK_Throughput_7,TASK_Throughput_8,TASK_Throughput_9,Test Status
S32G398_Rev1_0_res_02C10_tst01_Ver01_ddrc_allCores_SRAM_2022_02_02,01_A53.M7.-DRAMC-cp,2,1,1,1,1,1,1,1,1,1,1,1,10,10,10,11,11,11,11,9,9,9,1,2,3,0,1,2,3,1,2,3,0,0,0,0,0,0,0,0,0,0,1,1,1,1,1,1,1,1,1,1,7,7,7,7,7,7,7,7,7,7,7,7,7,7,7,7,7,7,7,7,128,128,128,128,128,128,128,128,128,128,1,1,1,1,1,1,1,1,1,1,1,1,1,1,1,1,1,1,1,1,4095,4095,4095,4095,4095,4095,4095,255,255,255,10485760,10485760,10485760,8388608,8388608,8388608,8388608,2752512,2752512,2752512,60000,60000,60000,60000,60000,60000,60000,60000,60000,60000,267.5,267.48,267.5,222.45,222.43,222.43,222.52,62.58,62.3,62.4,Pass
S32G398_Rev1_0_res_02C10_tst01_Ver01_ddrc_allCores_SRAM_2022_02_02,01_A53.M7.-DRAMC-cp,1,1,1,1,1,1,1,1,1,1,1,1,10,10,10,11,11,11,11,9,9,9,1,2,3,0,1,2,3,1,2,3,0,0,0,0,0,0,0,0,0,0,1,1,1,1,1,1,1,1,1,1,7,7,7,7,7,7,7,7,7,7,7,7,7,7,7,7,7,7,7,7,128,128,128,128,128,128,128,128,128,128,1,1,1,1,1,1,1,1,1,1,1,1,1,1,1,1,1,1,1,1,4095,4095,4095,4095,4095,4095,4095,255,255,255,10485760,10485760,10485760,8388608,8388608,8388608,8388608,2752512,2752512,2752512,60000,60000,60000,60000,60000,60000,60000,60000,60000,60000,267.75,267.74,267.75,222.65,222.57,222.6,222.69,62.36,62.37,62.61,Pass
S32G398_Rev1_0_res_02C10_tst01_Ver01_ddrc_allCores_SRAM_2022_02_02,01_A53.M7.-DRAMC-cp,2,0,1,1,1,1,1,1,1,1,1,1,10,10,10,11,11,11,11,9,9,9,1,2,3,0,1,2,3,1,2,3,0,0,0,0,0,0,0,0,0,0,1,1,1,1,1,1,1,1,1,1,7,7,7,7,7,7,7,7,7,7,7,7,7,7,7,7,7,7,7,7,128,128,128,128,128,128,128,128,128,128,1,1,1,1,1,1,1,1,1,1,1,1,1,1,1,1,1,1,1,1,4095,4095,4095,4095,4095,4095,4095,255,255,255,10485760,10485760,10485760,8388608,8388608,8388608,8388608,2752512,2752512,2752512,60000,60000,60000,60000,60000,60000,60000,60000,60000,60000,459.76,459.3,459.04,388.79,388.29,387.38,387.7,95.36,96.09,95.96,Pass
S32G398_Rev1_0_res_02C10_tst01_Ver01_ddrc_allCores_SRAM_2022_02_02,01_A53.M7.-DRAMC-cp,1,0,1,1,1,1,1,1,1,1,1,1,10,10,10,11,11,11,11,9,9,9,1,2,3,0,1,2,3,1,2,3,0,0,0,0,0,0,0,0,0,0,1,1,1,1,1,1,1,1,1,1,7,7,7,7,7,7,7,7,7,7,7,7,7,7,7,7,7,7,7,7,128,128,128,128,128,128,128,128,128,128,1,1,1,1,1,1,1,1,1,1,1,1,1,1,1,1,1,1,1,1,4095,4095,4095,4095,4095,4095,4095,255,255,255,10485760,10485760,10485760,8388608,8388608,8388608,8388608,2752512,2752512,2752512,60000,60000,60000,60000,60000,60000,60000,60000,60000,60000,460.29,460.14,459.7,388.6,388.36,387.43,387.98,95.65,95.76,96.2,Pass
S32G398_Rev1_0_res_02C10_tst01_Ver01_ddrc_allCores_SRAM_2022_02_02,02_A53.M7.-DRAMC-wr,2,1,1,1,1,1,1,1,1,1,1,1,10,10,10,11,11,11,11,9,9,9,1,2,3,0,1,2,3,1,2,3,0,0,0,0,0,0,0,0,0,0,1,1,1,1,1,1,1,1,1,1,0,0,0,0,0,0,0,0,0,0,7,7,7,7,7,7,7,7,7,7,128,128,128,128,128,128,128,128,128,128,1,1,1,1,1,1,1,1,1,1,1,1,1,1,1,1,1,1,1,1,4095,4095,4095,4095,4095,4095,4095,255,255,255,8388608,8388608,8388608,8388608,8388608,8388608,8388608,8388608,8388608,8388608,60000,60000,60000,60000,60000,60000,60000,60000,60000,60000,383.25,381.8,383.48,357.34,355.62,355.68,357.48,420.44,420.38,420.44,Pass
S32G398_Rev1_0_res_02C10_tst01_Ver01_ddrc_allCores_SRAM_2022_02_02,02_A53.M7.-DRAMC-wr,1,1,1,1,1,1,1,1,1,1,1,1,10,10,10,11,11,11,11,9,9,9,1,2,3,0,1,2,3,1,2,3,0,0,0,0,0,0,0,0,0,0,1,1,1,1,1,1,1,1,1,1,0,0,0,0,0,0,0,0,0,0,7,7,7,7,7,7,7,7,7,7,128,128,128,128,128,128,128,128,128,128,1,1,1,1,1,1,1,1,1,1,1,1,1,1,1,1,1,1,1,1,4095,4095,4095,4095,4095,4095,4095,255,255,255,8388608,8388608,8388608,8388608,8388608,8388608,8388608,8388608,8388608,8388608,60000,60000,60000,60000,60000,60000,60000,60000,60000,60000,382.67,381.14,382.64,356.9,355.13,355.15,356.98,419.87,419.83,419.91,Pass
S32G398_Rev1_0_res_02C10_tst01_Ver01_ddrc_allCores_SRAM_2022_02_02,02_A53.M7.-DRAMC-wr,2,0,1,1,1,1,1,1,1,1,1,1,10,10,10,11,11,11,11,9,9,9,1,2,3,0,1,2,3,1,2,3,0,0,0,0,0,0,0,0,0,0,1,1,1,1,1,1,1,1,1,1,0,0,0,0,0,0,0,0,0,0,7,7,7,7,7,7,7,7,7,7,128,128,128,128,128,128,128,128,128,128,1,1,1,1,1,1,1,1,1,1,1,1,1,1,1,1,1,1,1,1,4095,4095,4095,4095,4095,4095,4095,255,255,255,8388608,8388608,8388608,8388608,8388608,8388608,8388608,8388608,8388608,8388608,60000,60000,60000,60000,60000,60000,60000,60000,60000,60000,780.77,774.5,780.41,676.83,670.39,670.5,676.61,695.69,695.63,695.69,Pass
S32G398_Rev1_0_res_02C10_tst01_Ver01_ddrc_allCores_SRAM_2022_02_02,02_A53.M7.-DRAMC-wr,1,0,1,1,1,1,1,1,1,1,1,1,10,10,10,11,11,11,11,9,9,9,1,2,3,0,1,2,3,1,2,3,0,0,0,0,0,0,0,0,0,0,1,1,1,1,1,1,1,1,1,1,0,0,0,0,0,0,0,0,0,0,7,7,7,7,7,7,7,7,7,7,128,128,128,128,128,128,128,128,128,128,1,1,1,1,1,1,1,1,1,1,1,1,1,1,1,1,1,1,1,1,4095,4095,4095,4095,4095,4095,4095,255,255,255,8388608,8388608,8388608,8388608,8388608,8388608,8388608,8388608,8388608,8388608,60000,60000,60000,60000,60000,60000,60000,60000,60000,60000,788.55,781.72,788.25,681.83,675.36,675.25,682,696.61,696.61,696.67,Pass
S32G398_Rev1_0_res_02C10_tst01_Ver01_ddrc_allCores_SRAM_2022_02_02,03_A53.M7.-DRAMC-rd,2,1,1,1,1,1,1,1,1,1,1,1,10,10,10,11,11,11,11,9,9,9,1,2,3,0,1,2,3,1,2,3,0,0,0,0,0,0,0,0,0,0,1,1,1,1,1,1,1,1,1,1,7,7,7,7,7,7,7,7,7,7,0,0,0,0,0,0,0,0,0,0,128,128,128,128,128,128,128,128,128,128,1,1,1,1,1,1,1,1,1,1,1,1,1,1,1,1,1,1,1,1,4095,4095,4095,4095,4095,4095,4095,255,255,255,8388608,8388608,8388608,8388608,8388608,8388608,8388608,1835008,1835008,1835008,60000,60000,60000,60000,60000,60000,60000,60000,60000,60000,828.91,829.16,825.65,831.05,831.96,828.5,831.79,126.28,126.46,126.75,Pass
S32G398_Rev1_0_res_02C10_tst01_Ver01_ddrc_allCores_SRAM_2022_02_02,03_A53.M7.-DRAMC-rd,1,1,1,1,1,1,1,1,1,1,1,1,10,10,10,11,11,11,11,9,9,9,1,2,3,0,1,2,3,1,2,3,0,0,0,0,0,0,0,0,0,0,1,1,1,1,1,1,1,1,1,1,7,7,7,7,7,7,7,7,7,7,0,0,0,0,0,0,0,0,0,0,128,128,128,128,128,128,128,128,128,128,1,1,1,1,1,1,1,1,1,1,1,1,1,1,1,1,1,1,1,1,4095,4095,4095,4095,4095,4095,4095,255,255,255,8388608,8388608,8388608,8388608,8388608,8388608,8388608,1835008,1835008,1835008,60000,60000,60000,60000,60000,60000,60000,60000,60000,60000,828.42,829.24,828.75,829.73,829.57,829.73,830.31,126.11,126.23,126.58,Pass
S32G398_Rev1_0_res_02C10_tst01_Ver01_ddrc_allCores_SRAM_2022_02_02,03_A53.M7.-DRAMC-rd,2,0,1,1,1,1,1,1,1,1,1,1,10,10,10,11,11,11,11,9,9,9,1,2,3,0,1,2,3,1,2,3,0,0,0,0,0,0,0,0,0,0,1,1,1,1,1,1,1,1,1,1,7,7,7,7,7,7,7,7,7,7,0,0,0,0,0,0,0,0,0,0,128,128,128,128,128,128,128,128,128,128,1,1,1,1,1,1,1,1,1,1,1,1,1,1,1,1,1,1,1,1,4095,4095,4095,4095,4095,4095,4095,255,255,255,8388608,8388608,8388608,8388608,8388608,8388608,8388608,1835008,1835008,1835008,60000,60000,60000,60000,60000,60000,60000,60000,60000,60000,1054.24,1058.1,1057.97,1063.06,1065.22,1062.39,1064,148.85,149.1,149.42,Pass
S32G398_Rev1_0_res_02C10_tst01_Ver01_ddrc_allCores_SRAM_2022_02_02,03_A53.M7.-DRAMC-rd,1,0,1,1,1,1,1,1,1,1,1,1,10,10,10,11,11,11,11,9,9,9,1,2,3,0,1,2,3,1,2,3,0,0,0,0,0,0,0,0,0,0,1,1,1,1,1,1,1,1,1,1,7,7,7,7,7,7,7,7,7,7,0,0,0,0,0,0,0,0,0,0,128,128,128,128,128,128,128,128,128,128,1,1,1,1,1,1,1,1,1,1,1,1,1,1,1,1,1,1,1,1,4095,4095,4095,4095,4095,4095,4095,255,255,255,8388608,8388608,8388608,8388608,8388608,8388608,8388608,1835008,1835008,1835008,60000,60000,60000,60000,60000,60000,60000,60000,60000,60000,1059.17,1063.06,1059.17,1066.57,1067.39,1049.49,1064.54,148.92,149.18,149.49,Pass
S32G398_Rev1_0_res_02C10_tst01_Ver02_ddrc_allCores_SRAM_2022_02_03.xlsx,01_A53.M7.-DRAMC-cp,2,1,1,1,1,1,1,1,1,1,1,1,10,10,10,11,11,11,11,9,9,9,1,2,3,0,1,2,3,1,2,3,0,0,0,0,0,0,0,0,0,0,1,1,1,1,1,1,1,1,1,1,7,7,7,7,7,7,7,7,7,7,7,7,7,7,7,7,7,7,7,7,128,128,128,128,128,128,128,128,128,128,1,1,1,1,1,1,1,1,1,1,1,1,1,1,1,1,1,1,1,1,4095,4095,4095,4095,4095,4095,4095,255,255,255,12582912,12582912,12582912,10485760,10485760,10485760,10485760,2752512,2752512,2752512,60000,60000,60000,60000,60000,60000,60000,60000,60000,60000,261.64,261.64,261.64,222.42,222.4,222.4,222.49,55.13,55.15,55.16,Pass
S32G398_Rev1_0_res_02C10_tst01_Ver02_ddrc_allCores_SRAM_2022_02_03.xlsx,01_A53.M7.-DRAMC-cp,1,1,1,1,1,1,1,1,1,1,1,1,10,10,10,11,11,11,11,9,9,9,1,2,3,0,1,2,3,1,2,3,0,0,0,0,0,0,0,0,0,0,1,1,1,1,1,1,1,1,1,1,7,7,7,7,7,7,7,7,7,7,7,7,7,7,7,7,7,7,7,7,128,128,128,128,128,128,128,128,128,128,1,1,1,1,1,1,1,1,1,1,1,1,1,1,1,1,1,1,1,1,4095,4095,4095,4095,4095,4095,4095,255,255,255,12582912,12582912,12582912,10485760,10485760,10485760,10485760,2752512,2752512,2752512,60000,60000,60000,60000,60000,60000,60000,60000,60000,60000,261.68,261.67,261.68,222.41,222.34,222.34,222.44,55.45,55.1,55.35,Pass
S32G398_Rev1_0_res_02C10_tst01_Ver02_ddrc_allCores_SRAM_2022_02_03.xlsx,01_A53.M7.-DRAMC-cp,2,0,1,1,1,1,1,1,1,1,1,1,10,10,10,11,11,11,11,9,9,9,1,2,3,0,1,2,3,1,2,3,0,0,0,0,0,0,0,0,0,0,1,1,1,1,1,1,1,1,1,1,7,7,7,7,7,7,7,7,7,7,7,7,7,7,7,7,7,7,7,7,128,128,128,128,128,128,128,128,128,128,1,1,1,1,1,1,1,1,1,1,1,1,1,1,1,1,1,1,1,1,4095,4095,4095,4095,4095,4095,4095,255,255,255,12582912,12582912,12582912,10485760,10485760,10485760,10485760,2752512,2752512,2752512,60000,60000,60000,60000,60000,60000,60000,60000,60000,60000,449.81,449.44,448.92,384.78,384.63,383.83,384.35,87.42,86.83,87.95,Pass
S32G398_Rev1_0_res_02C10_tst01_Ver02_ddrc_allCores_SRAM_2022_02_03.xlsx,01_A53.M7.-DRAMC-cp,1,0,1,1,1,1,1,1,1,1,1,1,10,10,10,11,11,11,11,9,9,9,1,2,3,0,1,2,3,1,2,3,0,0,0,0,0,0,0,0,0,0,1,1,1,1,1,1,1,1,1,1,7,7,7,7,7,7,7,7,7,7,7,7,7,7,7,7,7,7,7,7,128,128,128,128,128,128,128,128,128,128,1,1,1,1,1,1,1,1,1,1,1,1,1,1,1,1,1,1,1,1,4095,4095,4095,4095,4095,4095,4095,255,255,255,12582912,12582912,12582912,10485760,10485760,10485760,10485760,2752512,2752512,2752512,60000,60000,60000,60000,60000,60000,60000,60000,60000,60000,453.77,453.24,453.01,390.12,389.57,389.21,389.46,88.08,88.03,88.49,Pass
S32G398_Rev1_0_res_02C10_tst01_Ver02_ddrc_allCores_SRAM_2022_02_03.xlsx,02_A53.M7.-DRAMC-wr,2,1,1,1,1,1,1,1,1,1,1,1,10,10,10,11,11,11,11,9,9,9,1,2,3,0,1,2,3,1,2,3,0,0,0,0,0,0,0,0,0,0,1,1,1,1,1,1,1,1,1,1,0,0,0,0,0,0,0,0,0,0,7,7,7,7,7,7,7,7,7,7,128,128,128,128,128,128,128,128,128,128,1,1,1,1,1,1,1,1,1,1,1,1,1,1,1,1,1,1,1,1,4095,4095,4095,4095,4095,4095,4095,255,255,255,92274688,92274688,92274688,83886080,83886080,83886080,83886080,100663296,100663296,100663296,60000,60000,60000,60000,60000,60000,60000,60000,60000,60000,1796.87,1789.27,1797.05,1564.02,1557.02,1557.25,1502.63,884.49,884.46,962.33,Fail
S32G398_Rev1_0_res_02C10_tst01_Ver02_ddrc_allCores_SRAM_2022_02_03.xlsx,02_A53.M7.-DRAMC-wr,1,1,1,1,1,1,1,1,1,1,1,1,10,10,10,11,11,11,11,9,9,9,1,2,3,0,1,2,3,1,2,3,0,0,0,0,0,0,0,0,0,0,1,1,1,1,1,1,1,1,1,1,0,0,0,0,0,0,0,0,0,0,7,7,7,7,7,7,7,7,7,7,128,128,128,128,128,128,128,128,128,128,1,1,1,1,1,1,1,1,1,1,1,1,1,1,1,1,1,1,1,1,4095,4095,4095,4095,4095,4095,4095,255,255,255,92274688,92274688,92274688,83886080,83886080,83886080,83886080,100663296,100663296,100663296,60000,60000,60000,60000,60000,60000,60000,60000,60000,60000,1770.8,1762.92,1770.46,1542.36,1535.33,1535.5,1482.35,875.86,875.83,952.14,Fail
S32G398_Rev1_0_res_02C10_tst01_Ver02_ddrc_allCores_SRAM_2022_02_03.xlsx,02_A53.M7.-DRAMC-wr,2,0,1,1,1,1,1,1,1,1,1,1,10,10,10,11,11,11,11,9,9,9,1,2,3,0,1,2,3,1,2,3,0,0,0,0,0,0,0,0,0,0,1,1,1,1,1,1,1,1,1,1,0,0,0,0,0,0,0,0,0,0,7,7,7,7,7,7,7,7,7,7,128,128,128,128,128,128,128,128,128,128,1,1,1,1,1,1,1,1,1,1,1,1,1,1,1,1,1,1,1,1,4095,4095,4095,4095,4095,4095,4095,255,255,255,10485760,10485760,10485760,8388608,8388608,8388608,8388608,8388608,8388608,8388608,60000,60000,60000,60000,60000,60000,60000,60000,60000,60000,808.28,803.57,808.59,629.87,624.2,624.15,629.92,691.39,691.27,691.27,Pass
S32G398_Rev1_0_res_02C10_tst01_Ver02_ddrc_allCores_SRAM_2022_02_03.xlsx,02_A53.M7.-DRAMC-wr,1,0,1,1,1,1,1,1,1,1,1,1,10,10,10,11,11,11,11,9,9,9,1,2,3,0,1,2,3,1,2,3,0,0,0,0,0,0,0,0,0,0,1,1,1,1,1,1,1,1,1,1,0,0,0,0,0,0,0,0,0,0,7,7,7,7,7,7,7,7,7,7,128,128,128,128,128,128,128,128,128,128,1,1,1,1,1,1,1,1,1,1,1,1,1,1,1,1,1,1,1,1,4095,4095,4095,4095,4095,4095,4095,255,255,255,10485760,10485760,10485760,8388608,8388608,8388608,8388608,8388608,8388608,8388608,60000,60000,60000,60000,60000,60000,60000,60000,60000,60000,804.31,799.34,804.37,626.25,621.01,620.96,626.44,690.14,690.02,690.08,Pass
S32G398_Rev1_0_res_02C10_tst01_Ver02_ddrc_allCores_SRAM_2022_02_03.xlsx,03_A53.M7.-DRAMC-rd,2,1,1,1,1,1,1,1,1,1,1,1,10,10,10,11,11,11,11,9,9,9,1,2,3,0,1,2,3,1,2,3,0,0,0,0,0,0,0,0,0,0,1,1,1,1,1,1,1,1,1,1,7,7,7,7,7,7,7,7,7,7,0,0,0,0,0,0,0,0,0,0,128,128,128,128,128,128,128,128,128,128,1,1,1,1,1,1,1,1,1,1,1,1,1,1,1,1,1,1,1,1,4095,4095,4095,4095,4095,4095,4095,255,255,255,12582912,12582912,12582912,12582912,12582912,12582912,12582912,1835008,1835008,1835008,60000,60000,60000,60000,60000,60000,60000,60000,60000,60000,828.42,830.06,827.71,829.62,828.7,829.68,829.68,112.21,112.36,112.71,Pass
S32G398_Rev1_0_res_02C10_tst01_Ver02_ddrc_allCores_SRAM_2022_02_03.xlsx,03_A53.M7.-DRAMC-rd,1,1,1,1,1,1,1,1,1,1,1,1,10,10,10,11,11,11,11,9,9,9,1,2,3,0,1,2,3,1,2,3,0,0,0,0,0,0,0,0,0,0,1,1,1,1,1,1,1,1,1,1,7,7,7,7,7,7,7,7,7,7,0,0,0,0,0,0,0,0,0,0,128,128,128,128,128,128,128,128,128,128,1,1,1,1,1,1,1,1,1,1,1,1,1,1,1,1,1,1,1,1,4095,4095,4095,4095,4095,4095,4095,255,255,255,12582912,12582912,12582912,12582912,12582912,12582912,12582912,1835008,1835008,1835008,60000,60000,60000,60000,60000,60000,60000,60000,60000,60000,830.94,830.06,829.95,830.94,830.66,827.71,828.8,112.21,112.36,112.6,Pass
S32G398_Rev1_0_res_02C10_tst01_Ver02_ddrc_allCores_SRAM_2022_02_03.xlsx,03_A53.M7.-DRAMC-rd,2,0,1,1,1,1,1,1,1,1,1,1,10,10,10,11,11,11,11,9,9,9,1,2,3,0,1,2,3,1,2,3,0,0,0,0,0,0,0,0,0,0,1,1,1,1,1,1,1,1,1,1,7,7,7,7,7,7,7,7,7,7,0,0,0,0,0,0,0,0,0,0,128,128,128,128,128,128,128,128,128,128,1,1,1,1,1,1,1,1,1,1,1,1,1,1,1,1,1,1,1,1,4095,4095,4095,4095,4095,4095,4095,255,255,255,12582912,12582912,12582912,12582912,12582912,12582912,12582912,1835008,1835008,1835008,60000,60000,60000,60000,60000,60000,60000,60000,60000,60000,1059.7,1068.61,1061.49,1062.3,1066.62,1066.35,1068.88,140.22,140.47,140.87,Pass
S32G398_Rev1_0_res_02C10_tst01_Ver02_ddrc_allCores_SRAM_2022_02_03.xlsx,03_A53.M7.-DRAMC-rd,1,0,1,1,1,1,1,1,1,1,1,1,10,10,10,11,11,11,11,9,9,9,1,2,3,0,1,2,3,1,2,3,0,0,0,0,0,0,0,0,0,0,1,1,1,1,1,1,1,1,1,1,7,7,7,7,7,7,7,7,7,7,0,0,0,0,0,0,0,0,0,0,128,128,128,128,128,128,128,128,128,128,1,1,1,1,1,1,1,1,1,1,1,1,1,1,1,1,1,1,1,1,4095,4095,4095,4095,4095,4095,4095,255,255,255,12582912,12582912,12582912,12582912,12582912,12582912,12582912,1835008,1835008,1835008,60000,60000,60000,60000,60000,60000,60000,60000,60000,60000,1068.79,1062.93,1062.39,1067.07,1060.42,1063.82,1043.36,140.45,140.76,141.1,Pass
S32G398_Rev1_0_res_02C10_tst01_Ver03_ddrc_allCores_SRAM_2022_02_03,01_A53.M7.-DRAMC-cp,2,1,1,1,1,1,1,1,1,1,1,1,10,10,10,11,11,11,11,9,9,9,1,2,3,0,1,2,3,1,2,3,0,0,0,0,0,0,0,0,0,0,1,1,1,1,1,1,1,1,1,1,7,7,7,7,7,7,7,7,7,7,7,7,7,7,7,7,7,7,7,7,128,128,128,128,128,128,128,128,128,128,1,1,1,1,1,1,1,1,1,1,1,1,1,1,1,1,1,1,1,1,4095,4095,4095,4095,4095,4095,4095,255,255,255,12582912,12582912,12582912,10485760,10485760,10485760,10485760,2752512,2752512,2752512,60000,60000,60000,60000,60000,60000,60000,60000,60000,60000,261.87,261.87,261.87,222.67,222.65,222.66,222.72,55.28,55.28,55.33,Pass
S32G398_Rev1_0_res_02C10_tst01_Ver03_ddrc_allCores_SRAM_2022_02_03,01_A53.M7.-DRAMC-cp,1,1,1,1,1,1,1,1,1,1,1,1,10,10,10,11,11,11,11,9,9,9,1,2,3,0,1,2,3,1,2,3,0,0,0,0,0,0,0,0,0,0,1,1,1,1,1,1,1,1,1,1,7,7,7,7,7,7,7,7,7,7,7,7,7,7,7,7,7,7,7,7,128,128,128,128,128,128,128,128,128,128,1,1,1,1,1,1,1,1,1,1,1,1,1,1,1,1,1,1,1,1,4095,4095,4095,4095,4095,4095,4095,255,255,255,12582912,12582912,12582912,10485760,10485760,10485760,10485760,2752512,2752512,2752512,60000,60000,60000,60000,60000,60000,60000,60000,60000,60000,261.57,261.59,261.59,222.41,222.38,222.38,222.46,54.79,55.14,55.25,Pass
S32G398_Rev1_0_res_02C10_tst01_Ver03_ddrc_allCores_SRAM_2022_02_03,01_A53.M7.-DRAMC-cp,2,0,1,1,1,1,1,1,1,1,1,1,10,10,10,11,11,11,11,9,9,9,1,2,3,0,1,2,3,1,2,3,0,0,0,0,0,0,0,0,0,0,1,1,1,1,1,1,1,1,1,1,7,7,7,7,7,7,7,7,7,7,7,7,7,7,7,7,7,7,7,7,128,128,128,128,128,128,128,128,128,128,1,1,1,1,1,1,1,1,1,1,1,1,1,1,1,1,1,1,1,1,4095,4095,4095,4095,4095,4095,4095,255,255,255,12582912,12582912,12582912,10485760,10485760,10485760,10485760,2752512,2752512,2752512,60000,60000,60000,60000,60000,60000,60000,60000,60000,60000,453.24,452.62,452.3,388.76,388.71,388.06,388.66,88.38,88.48,88.35,Pass
S32G398_Rev1_0_res_02C10_tst01_Ver03_ddrc_allCores_SRAM_2022_02_03,01_A53.M7.-DRAMC-cp,1,0,1,1,1,1,1,1,1,1,1,1,10,10,10,11,11,11,11,9,9,9,1,2,3,0,1,2,3,1,2,3,0,0,0,0,0,0,0,0,0,0,1,1,1,1,1,1,1,1,1,1,7,7,7,7,7,7,7,7,7,7,7,7,7,7,7,7,7,7,7,7,128,128,128,128,128,128,128,128,128,128,1,1,1,1,1,1,1,1,1,1,1,1,1,1,1,1,1,1,1,1,4095,4095,4095,4095,4095,4095,4095,255,255,255,12582912,12582912,12582912,10485760,10485760,10485760,10485760,2752512,2752512,2752512,60000,60000,60000,60000,60000,60000,60000,60000,60000,60000,453.96,453.49,453.1,389.15,388.78,388.39,388.51,88.11,87.75,88.18,Pass
S32G398_Rev1_0_res_02C10_tst01_Ver03_ddrc_allCores_SRAM_2022_02_03,02_A53.M7.-DRAMC-wr,2,1,1,1,1,1,1,1,1,1,1,1,10,10,10,11,11,11,11,9,9,9,1,2,3,0,1,2,3,1,2,3,0,0,0,0,0,0,0,0,0,0,1,1,1,1,1,1,1,1,1,1,0,0,0,0,0,0,0,0,0,0,7,7,7,7,7,7,7,7,7,7,128,128,128,128,128,128,128,128,128,128,1,1,1,1,1,1,1,1,1,1,1,1,1,1,1,1,1,1,1,1,4095,4095,4095,4095,4095,4095,4095,255,255,255,92274688,92274688,92274688,83886080,83886080,83886080,83886080,100663296,100663296,100663296,60000,60000,60000,60000,60000,60000,60000,60000,60000,60000,599.86,606.46,609.12,539.94,537.41,537.59,540.23,694.47,694.3,665.79,Fail
S32G398_Rev1_0_res_02C10_tst01_Ver03_ddrc_allCores_SRAM_2022_02_03,02_A53.M7.-DRAMC-wr,1,1,1,1,1,1,1,1,1,1,1,1,10,10,10,11,11,11,11,9,9,9,1,2,3,0,1,2,3,1,2,3,0,0,0,0,0,0,0,0,0,0,1,1,1,1,1,1,1,1,1,1,0,0,0,0,0,0,0,0,0,0,7,7,7,7,7,7,7,7,7,7,128,128,128,128,128,128,128,128,128,128,1,1,1,1,1,1,1,1,1,1,1,1,1,1,1,1,1,1,1,1,4095,4095,4095,4095,4095,4095,4095,255,255,255,92274688,92274688,92274688,83886080,83886080,83886080,83886080,100663296,100663296,100663296,60000,60000,60000,60000,60000,60000,60000,60000,60000,60000,594.17,599.7,602.86,534.02,531.44,531.64,534.24,682.39,682.28,654.7,Fail
S32G398_Rev1_0_res_02C10_tst01_Ver03_ddrc_allCores_SRAM_2022_02_03,02_A53.M7.-DRAMC-wr,2,0,1,1,1,1,1,1,1,1,1,1,10,10,10,11,11,11,11,9,9,9,1,2,3,0,1,2,3,1,2,3,0,0,0,0,0,0,0,0,0,0,1,1,1,1,1,1,1,1,1,1,0,0,0,0,0,0,0,0,0,0,7,7,7,7,7,7,7,7,7,7,128,128,128,128,128,128,128,128,128,128,1,1,1,1,1,1,1,1,1,1,1,1,1,1,1,1,1,1,1,1,4095,4095,4095,4095,4095,4095,4095,255,255,255,10485760,10485760,10485760,8388608,8388608,8388608,8388608,8388608,8388608,8388608,60000,60000,60000,60000,60000,60000,60000,60000,60000,60000,808.52,803.75,808.77,629.78,624.43,624.2,630.01,691.33,691.22,691.27,Pass
S32G398_Rev1_0_res_02C10_tst01_Ver03_ddrc_allCores_SRAM_2022_02_03,02_A53.M7.-DRAMC-wr,1,0,1,1,1,1,1,1,1,1,1,1,10,10,10,11,11,11,11,9,9,9,1,2,3,0,1,2,3,1,2,3,0,0,0,0,0,0,0,0,0,0,1,1,1,1,1,1,1,1,1,1,0,0,0,0,0,0,0,0,0,0,7,7,7,7,7,7,7,7,7,7,128,128,128,128,128,128,128,128,128,128,1,1,1,1,1,1,1,1,1,1,1,1,1,1,1,1,1,1,1,1,4095,4095,4095,4095,4095,4095,4095,255,255,255,10485760,10485760,10485760,8388608,8388608,8388608,8388608,8388608,8388608,8388608,60000,60000,60000,60000,60000,60000,60000,60000,60000,60000,811.78,807.53,812.6,632.96,627.19,627.09,632.72,692.24,692.13,692.24,Pass
S32G398_Rev1_0_res_02C10_tst01_Ver03_ddrc_allCores_SRAM_2022_02_03,03_A53.M7.-DRAM-wr,2,0,1,1,1,1,1,1,1,1,1,1,10,10,10,11,11,11,11,9,9,9,1,2,3,0,1,2,3,1,2,3,0,0,0,0,0,0,0,0,0,0,1,1,1,1,1,1,1,1,1,1,0,0,0,0,0,0,0,0,0,0,3,3,3,3,3,3,3,3,3,3,128,128,128,128,128,128,128,128,128,128,1,1,1,1,1,1,1,1,1,1,1,1,1,1,1,1,1,1,1,1,4095,4095,4095,4095,4095,4095,4095,255,255,255,10485760,10485760,10485760,8388608,8388608,8388608,8388608,8388608,8388608,8388608,60000,60000,60000,60000,60000,60000,60000,60000,60000,60000,815.25,812.28,814.87,640.89,636.18,636.66,640.69,678.8,678.69,678.74,Pass
S32G398_Rev1_0_res_02C10_tst01_Ver03_ddrc_allCores_SRAM_2022_02_03,03_A53.M7.-DRAM-wr,1,0,1,1,1,1,1,1,1,1,1,1,10,10,10,11,11,11,11,9,9,9,1,2,3,0,1,2,3,1,2,3,0,0,0,0,0,0,0,0,0,0,1,1,1,1,1,1,1,1,1,1,0,0,0,0,0,0,0,0,0,0,3,3,3,3,3,3,3,3,3,3,128,128,128,128,128,128,128,128,128,128,1,1,1,1,1,1,1,1,1,1,1,1,1,1,1,1,1,1,1,1,4095,4095,4095,4095,4095,4095,4095,255,255,255,10485760,10485760,10485760,8388608,8388608,8388608,8388608,8388608,8388608,8388608,60000,60000,60000,60000,60000,60000,60000,60000,60000,60000,808.9,806.29,809.27,635.84,631.67,631.96,636.18,678.58,678.42,678.53,Pass
S32G398_Rev1_0_res_02C10_tst01_Ver03_ddrc_allCores_SRAM_2022_02_03,04_A53.M7.-DRAMx-wr,2,0,1,1,1,1,1,1,1,1,1,1,10,10,10,11,11,11,11,9,9,9,1,2,3,0,1,2,3,1,2,3,0,0,0,0,0,0,0,0,0,0,1,1,1,1,1,1,1,1,1,1,0,0,0,0,0,0,0,0,0,0,3,7,3,3,3,7,7,3,7,3,128,128,128,128,128,128,128,128,128,128,1,1,1,1,1,1,1,1,1,1,1,1,1,1,1,1,1,1,1,1,4095,4095,4095,4095,4095,4095,4095,255,255,255,10485760,10485760,10485760,8388608,8388608,8388608,8388608,8388608,8388608,8388608,60000,60000,60000,60000,60000,60000,60000,60000,60000,60000,821.25,1038.3,821.06,672,667.78,681.89,689.29,654.44,654.59,654.54,Pass
S32G398_Rev1_0_res_02C10_tst01_Ver03_ddrc_allCores_SRAM_2022_02_03,04_A53.M7.-DRAMx-wr,1,0,1,1,1,1,1,1,1,1,1,1,10,10,10,11,11,11,11,9,9,9,1,2,3,0,1,2,3,1,2,3,0,0,0,0,0,0,0,0,0,0,1,1,1,1,1,1,1,1,1,1,0,0,0,0,0,0,0,0,0,0,3,7,3,3,3,7,7,3,7,3,128,128,128,128,128,128,128,128,128,128,1,1,1,1,1,1,1,1,1,1,1,1,1,1,1,1,1,1,1,1,4095,4095,4095,4095,4095,4095,4095,255,255,255,10485760,10485760,10485760,8388608,8388608,8388608,8388608,8388608,8388608,8388608,60000,60000,60000,60000,60000,60000,60000,60000,60000,60000,814.62,1042.53,814.62,667.25,662.92,678.47,685.74,653.32,653.42,653.37,Pass
S32G398_Rev1_0_res_02C10_tst01_Ver03_ddrc_allCores_SRAM_2022_02_03,"05_A53Cl0.DramC,A53Cl1.Dram,M7DRAMC.-DRAMx-wr",2,0,1,1,1,1,1,1,1,1,1,1,10,10,10,11,11,11,11,9,9,9,1,2,3,0,1,2,3,1,2,3,0,0,0,0,0,0,0,0,0,0,1,1,1,1,1,1,1,1,1,1,0,0,0,0,0,0,0,0,0,0,7,7,7,3,3,3,3,7,7,7,128,128,128,128,128,128,128,128,128,128,1,1,1,1,1,1,1,1,1,1,1,1,1,1,1,1,1,1,1,1,4095,4095,4095,4095,4095,4095,4095,255,255,255,10485760,10485760,10485760,8388608,8388608,8388608,8388608,8388608,8388608,8388608,60000,60000,60000,60000,60000,60000,60000,60000,60000,60000,909.83,907.39,923.53,696.5,689.8,689.97,695.8,671.25,671.25,671.36,Pass
S32G398_Rev1_0_res_02C10_tst01_Ver03_ddrc_allCores_SRAM_2022_02_03,"05_A53Cl0.DramC,A53Cl1.Dram,M7DRAMC.-DRAMx-wr",1,0,1,1,1,1,1,1,1,1,1,1,10,10,10,11,11,11,11,9,9,9,1,2,3,0,1,2,3,1,2,3,0,0,0,0,0,0,0,0,0,0,1,1,1,1,1,1,1,1,1,1,0,0,0,0,0,0,0,0,0,0,7,7,7,3,3,3,3,7,7,7,128,128,128,128,128,128,128,128,128,128,1,1,1,1,1,1,1,1,1,1,1,1,1,1,1,1,1,1,1,1,4095,4095,4095,4095,4095,4095,4095,255,255,255,10485760,10485760,10485760,8388608,8388608,8388608,8388608,8388608,8388608,8388608,60000,60000,60000,60000,60000,60000,60000,60000,60000,60000,911.17,909.2,925.08,699.58,693.39,693.33,699.58,672.38,672.38,672.49,Pass
S32G398_Rev1_0_res_02C10_tst01_Ver03_ddrc_allCores_SRAM_2022_02_03,"06_A53Cl0.DramX,A53Cl0.DramX,M7DRAMC.-DRAMx-wr",2,0,1,1,1,1,1,1,1,1,1,1,10,10,10,11,11,11,11,9,9,9,1,2,3,0,1,2,3,1,2,3,0,0,0,0,0,0,0,0,0,0,1,1,1,1,1,1,1,1,1,1,0,0,0,0,0,0,0,0,0,0,7,3,7,3,3,7,7,7,7,7,128,128,128,128,128,128,128,128,128,128,1,1,1,1,1,1,1,1,1,1,1,1,1,1,1,1,1,1,1,1,4095,4095,4095,4095,4095,4095,4095,255,255,255,10485760,10485760,10485760,8388608,8388608,8388608,8388608,8388608,8388608,8388608,60000,60000,60000,60000,60000,60000,60000,60000,60000,60000,783.1,791.56,783.69,693.16,677.37,655.51,659.95,664.34,664.23,664.29,Pass
S32G398_Rev1_0_res_02C10_tst01_Ver03_ddrc_allCores_SRAM_2022_02_03,"06_A53Cl0.DramX,A53Cl0.DramX,M7DRAMC.-DRAMx-wr",1,0,1,1,1,1,1,1,1,1,1,1,10,10,10,11,11,11,11,9,9,9,1,2,3,0,1,2,3,1,2,3,0,0,0,0,0,0,0,0,0,0,1,1,1,1,1,1,1,1,1,1,0,0,0,0,0,0,0,0,0,0,7,3,7,3,3,7,7,7,7,7,128,128,128,128,128,128,128,128,128,128,1,1,1,1,1,1,1,1,1,1,1,1,1,1,1,1,1,1,1,1,4095,4095,4095,4095,4095,4095,4095,255,255,255,10485760,10485760,10485760,8388608,8388608,8388608,8388608,8388608,8388608,8388608,60000,60000,60000,60000,60000,60000,60000,60000,60000,60000,779.78,787.87,780.36,689,672.81,651.59,655.72,663.55,663.45,663.55,Pass
S32G398_Rev1_0_res_02C10_tst01_Ver03_ddrc_allCores_SRAM_2022_02_03,07_A53.M7.-DRAMC-rd,2,1,1,1,1,1,1,1,1,1,1,1,10,10,10,11,11,11,11,9,9,9,1,2,3,0,1,2,3,1,2,3,0,0,0,0,0,0,0,0,0,0,1,1,1,1,1,1,1,1,1,1,7,7,7,7,7,7,7,7,7,7,0,0,0,0,0,0,0,0,0,0,128,128,128,128,128,128,128,128,128,128,1,1,1,1,1,1,1,1,1,1,1,1,1,1,1,1,1,1,1,1,4095,4095,4095,4095,4095,4095,4095,255,255,255,12582912,12582912,12582912,12582912,12582912,12582912,12582912,1835008,1835008,1835008,60000,60000,60000,60000,60000,60000,60000,60000,60000,60000,829.95,829.57,830.77,829.9,830.39,831.1,830.56,112.32,112.45,112.72,Pass
S32G398_Rev1_0_res_02C10_tst01_Ver03_ddrc_allCores_SRAM_2022_02_03,07_A53.M7.-DRAMC-rd,1,1,1,1,1,1,1,1,1,1,1,1,10,10,10,11,11,11,11,9,9,9,1,2,3,0,1,2,3,1,2,3,0,0,0,0,0,0,0,0,0,0,1,1,1,1,1,1,1,1,1,1,7,7,7,7,7,7,7,7,7,7,0,0,0,0,0,0,0,0,0,0,128,128,128,128,128,128,128,128,128,128,1,1,1,1,1,1,1,1,1,1,1,1,1,1,1,1,1,1,1,1,4095,4095,4095,4095,4095,4095,4095,255,255,255,12582912,12582912,12582912,12582912,12582912,12582912,12582912,1835008,1835008,1835008,60000,60000,60000,60000,60000,60000,60000,60000,60000,60000,830.34,826.41,830.12,830.17,830.39,830.34,829.9,112.29,112.41,112.7,Pass
S32G398_Rev1_0_res_02C10_tst01_Ver03_ddrc_allCores_SRAM_2022_02_03,07_A53.M7.-DRAMC-rd,2,0,1,1,1,1,1,1,1,1,1,1,10,10,10,11,11,11,11,9,9,9,1,2,3,0,1,2,3,1,2,3,0,0,0,0,0,0,0,0,0,0,1,1,1,1,1,1,1,1,1,1,7,7,7,7,7,7,7,7,7,7,0,0,0,0,0,0,0,0,0,0,128,128,128,128,128,128,128,128,128,128,1,1,1,1,1,1,1,1,1,1,1,1,1,1,1,1,1,1,1,1,4095,4095,4095,4095,4095,4095,4095,255,255,255,12582912,12582912,12582912,12582912,12582912,12582912,12582912,1835008,1835008,1835008,60000,60000,60000,60000,60000,60000,60000,60000,60000,60000,1064.81,1056.68,1058.28,1058.54,1068.07,1067.16,1062.93,140.28,140.66,140.98,Pass
S32G398_Rev1_0_res_02C10_tst01_Ver03_ddrc_allCores_SRAM_2022_02_03,07_A53.M7.-DRAMC-rd,1,0,1,1,1,1,1,1,1,1,1,1,10,10,10,11,11,11,11,9,9,9,1,2,3,0,1,2,3,1,2,3,0,0,0,0,0,0,0,0,0,0,1,1,1,1,1,1,1,1,1,1,7,7,7,7,7,7,7,7,7,7,0,0,0,0,0,0,0,0,0,0,128,128,128,128,128,128,128,128,128,128,1,1,1,1,1,1,1,1,1,1,1,1,1,1,1,1,1,1,1,1,4095,4095,4095,4095,4095,4095,4095,255,255,255,12582912,12582912,12582912,12582912,12582912,12582912,12582912,1835008,1835008,1835008,60000,60000,60000,60000,60000,60000,60000,60000,60000,60000,1060.51,1057.03,1066.08,1068.25,1067.8,1060.42,1061.76,140.3,140.57,140.98,Pass
S32G398_Rev1_0_res_02C10_tst01_Ver03_ddrc_allCores_SRAM_2022_02_03,08_A53.M7.-DRAMC-RdWrCp,2,1,1,1,1,1,1,1,1,1,1,1,10,10,10,11,11,11,11,9,9,9,1,2,3,0,1,2,3,1,2,3,0,0,0,0,0,0,0,0,0,0,1,1,1,1,1,1,1,1,1,1,7,0,7,7,0,7,0,7,0,7,0,7,7,0,7,7,7,0,7,7,128,128,128,128,128,128,128,128,128,128,1,1,1,1,1,1,1,1,1,1,1,1,1,1,1,1,1,1,1,1,4095,4095,4095,4095,4095,4095,4095,255,255,255,12582912,12582912,12582912,12582912,12582912,12582912,12582912,1835008,1835008,1835008,60000,60000,60000,60000,60000,60000,60000,60000,60000,60000,451.47,1313.87,453.45,448.51,948.65,449.13,950.01,63.06,685.98,62.69,Pass
S32G398_Rev1_0_res_02C10_tst01_Ver03_ddrc_allCores_SRAM_2022_02_03,08_A53.M7.-DRAMC-RdWrCp,1,1,1,1,1,1,1,1,1,1,1,1,10,10,10,11,11,11,11,9,9,9,1,2,3,0,1,2,3,1,2,3,0,0,0,0,0,0,0,0,0,0,1,1,1,1,1,1,1,1,1,1,7,0,7,7,0,7,0,7,0,7,0,7,7,0,7,7,7,0,7,7,128,128,128,128,128,128,128,128,128,128,1,1,1,1,1,1,1,1,1,1,1,1,1,1,1,1,1,1,1,1,4095,4095,4095,4095,4095,4095,4095,255,255,255,12582912,12582912,12582912,12582912,12582912,12582912,12582912,1835008,1835008,1835008,60000,60000,60000,60000,60000,60000,60000,60000,60000,60000,452.1,1317.31,453.24,445.79,947.29,448.76,948.51,63.03,684.7,62.79,Pass
S32G398_Rev1_0_res_02C10_tst01_Ver03_ddrc_allCores_SRAM_2022_02_03,08_A53.M7.-DRAMC-RdWrCp,2,0,1,1,1,1,1,1,1,1,1,1,10,10,10,11,11,11,11,9,9,9,1,2,3,0,1,2,3,1,2,3,0,0,0,0,0,0,0,0,0,0,1,1,1,1,1,1,1,1,1,1,7,0,7,7,0,7,0,7,0,7,0,7,7,0,7,7,7,0,7,7,128,128,128,128,128,128,128,128,128,128,1,1,1,1,1,1,1,1,1,1,1,1,1,1,1,1,1,1,1,1,4095,4095,4095,4095,4095,4095,4095,255,255,255,12582912,12582912,12582912,12582912,12582912,12582912,12582912,1835008,1835008,1835008,60000,60000,60000,60000,60000,60000,60000,60000,60000,60000,632.75,3353.65,645.05,648.07,2081.54,645.21,2079.82,91.39,980.76,91.06,Pass
S32G398_Rev1_0_res_02C10_tst01_Ver03_ddrc_allCores_SRAM_2022_02_03,08_A53.M7.-DRAMC-RdWrCp,1,0,1,1,1,1,1,1,1,1,1,1,10,10,10,11,11,11,11,9,9,9,1,2,3,0,1,2,3,1,2,3,0,0,0,0,0,0,0,0,0,0,1,1,1,1,1,1,1,1,1,1,7,0,7,7,0,7,0,7,0,7,0,7,7,0,7,7,7,0,7,7,128,128,128,128,128,128,128,128,128,128,1,1,1,1,1,1,1,1,1,1,1,1,1,1,1,1,1,1,1,1,4095,4095,4095,4095,4095,4095,4095,255,255,255,12582912,12582912,12582912,12582912,12582912,12582912,12582912,1835008,1835008,1835008,60000,60000,60000,60000,60000,60000,60000,60000,60000,60000,640.94,3354.55,645.61,639.15,2078.1,644.58,2076.39,91.43,981.81,90.82,Pass
S32G398_Rev1_0_res_02C10_tst01_Ver03_ddrc_allCores_SRAM_2022_02_03,08_A53.M7.-DRAMC-RdWrCp,2,1,1,1,1,1,1,1,1,1,1,1,10,10,10,11,11,11,11,9,9,9,1,2,3,0,1,2,3,1,2,3,0,0,0,0,0,0,0,0,0,0,1,1,1,1,1,1,1,1,1,1,7,0,7,7,0,7,0,7,0,7,0,7,7,0,7,7,3,0,7,7,128,128,128,128,128,128,128,128,128,128,1,1,1,1,1,1,1,1,1,1,1,1,1,1,1,1,1,1,1,1,4095,4095,4095,4095,4095,4095,4095,255,255,255,12582912,12582912,12582912,12582912,12582912,12582912,12582912,1835008,1835008,1835008,60000,60000,60000,60000,60000,60000,60000,60000,60000,60000,449.5,1018.12,450.39,449.49,991.72,450.19,1014.42,62.92,668.25,62.83,Pass
S32G398_Rev1_0_res_02C10_tst01_Ver03_ddrc_allCores_SRAM_2022_02_03,08_A53.M7.-DRAMC-RdWrCp,1,1,1,1,1,1,1,1,1,1,1,1,10,10,10,11,11,11,11,9,9,9,1,2,3,0,1,2,3,1,2,3,0,0,0,0,0,0,0,0,0,0,1,1,1,1,1,1,1,1,1,1,7,0,7,7,0,7,0,7,0,7,0,7,7,0,7,7,3,0,7,7,128,128,128,128,128,128,128,128,128,128,1,1,1,1,1,1,1,1,1,1,1,1,1,1,1,1,1,1,1,1,4095,4095,4095,4095,4095,4095,4095,255,255,255,12582912,12582912,12582912,12582912,12582912,12582912,12582912,1835008,1835008,1835008,60000,60000,60000,60000,60000,60000,60000,60000,60000,60000,447.39,1010.59,448.68,448.7,984.35,448.4,1004.7,62.7,666.06,62.34,Pass
S32G398_Rev1_0_res_02C10_tst01_Ver03_ddrc_allCores_SRAM_2022_02_03,08_A53.M7.-DRAMC-RdWrCp,2,0,1,1,1,1,1,1,1,1,1,1,10,10,10,11,11,11,11,9,9,9,1,2,3,0,1,2,3,1,2,3,0,0,0,0,0,0,0,0,0,0,1,1,1,1,1,1,1,1,1,1,7,0,7,7,0,7,0,7,0,7,0,7,7,0,7,7,3,0,7,7,128,128,128,128,128,128,128,128,128,128,1,1,1,1,1,1,1,1,1,1,1,1,1,1,1,1,1,1,1,1,4095,4095,4095,4095,4095,4095,4095,255,255,255,12582912,12582912,12582912,12582912,12582912,12582912,12582912,1835008,1835008,1835008,60000,60000,60000,60000,60000,60000,60000,60000,60000,60000,668.02,2503.56,670.41,668.45,2409.6,669.8,2398.12,94.98,965.29,94.43,Pass
S32G398_Rev1_0_res_02C10_tst01_Ver03_ddrc_allCores_SRAM_2022_02_03,08_A53.M7.-DRAMC-RdWrCp,1,0,1,1,1,1,1,1,1,1,1,1,10,10,10,11,11,11,11,9,9,9,1,2,3,0,1,2,3,1,2,3,0,0,0,0,0,0,0,0,0,0,1,1,1,1,1,1,1,1,1,1,7,0,7,7,0,7,0,7,0,7,0,7,7,0,7,7,3,0,7,7,128,128,128,128,128,128,128,128,128,128,1,1,1,1,1,1,1,1,1,1,1,1,1,1,1,1,1,1,1,1,4095,4095,4095,4095,4095,4095,4095,255,255,255,12582912,12582912,12582912,12582912,12582912,12582912,12582912,1835008,1835008,1835008,60000,60000,60000,60000,60000,60000,60000,60000,60000,60000,655.56,2505.56,668.88,664.01,2413.76,670.2,2403.61,94.78,967.83,94.36,Pass
S32G398_Rev1_0_resG3_02C10_tst01_Ver04_ddrc_allCores_SRAM_2022_02_12,01_A53.M7.-DRAMC-cp,2,1,1,1,1,1,1,1,1,1,1,1,10,10,10,11,11,11,11,9,9,9,1,2,3,0,1,2,3,1,2,3,0,0,0,0,0,0,0,0,0,0,1,1,1,1,1,1,1,1,1,1,7,7,7,7,7,7,7,7,7,7,7,7,7,7,7,7,7,7,7,7,128,128,128,128,128,128,128,128,128,128,1,1,1,1,1,1,1,1,1,1,1,1,1,1,1,1,1,1,1,1,4095,4095,4095,4095,4095,4095,4095,255,255,255,12582912,12582912,12582912,10485760,10485760,10485760,10485760,2752512,2752512,2752512,600000,600000,600000,600000,600000,600000,600000,600000,600000,600000,261.59,261.6,261.59,222.42,222.39,222.38,222.48,55.22,55.06,55.25,Pass
S32G398_Rev1_0_resG3_02C10_tst01_Ver04_ddrc_allCores_SRAM_2022_02_12,01_A53.M7.-DRAMC-cp,1,1,1,1,1,1,1,1,1,1,1,1,10,10,10,11,11,11,11,9,9,9,1,2,3,0,1,2,3,1,2,3,0,0,0,0,0,0,0,0,0,0,1,1,1,1,1,1,1,1,1,1,7,7,7,7,7,7,7,7,7,7,7,7,7,7,7,7,7,7,7,7,128,128,128,128,128,128,128,128,128,128,1,1,1,1,1,1,1,1,1,1,1,1,1,1,1,1,1,1,1,1,4095,4095,4095,4095,4095,4095,4095,255,255,255,12582912,12582912,12582912,10485760,10485760,10485760,10485760,2752512,2752512,2752512,600000,600000,600000,600000,600000,600000,600000,600000,600000,600000,261.69,261.69,261.69,222.55,222.53,222.55,222.59,55.41,55.21,55.11,Pass
S32G398_Rev1_0_resG3_02C10_tst01_Ver04_ddrc_allCores_SRAM_2022_02_12,01_A53.M7.-DRAMC-cp,2,0,1,1,1,1,1,1,1,1,1,1,10,10,10,11,11,11,11,9,9,9,1,2,3,0,1,2,3,1,2,3,0,0,0,0,0,0,0,0,0,0,1,1,1,1,1,1,1,1,1,1,7,7,7,7,7,7,7,7,7,7,7,7,7,7,7,7,7,7,7,7,128,128,128,128,128,128,128,128,128,128,1,1,1,1,1,1,1,1,1,1,1,1,1,1,1,1,1,1,1,1,4095,4095,4095,4095,4095,4095,4095,255,255,255,12582912,12582912,12582912,10485760,10485760,10485760,10485760,2752512,2752512,2752512,600000,600000,600000,600000,600000,600000,600000,600000,600000,600000,453.21,452.92,452.49,387.66,387.51,386.94,387.03,87.77,88.45,88.16,Pass
S32G398_Rev1_0_resG3_02C10_tst01_Ver04_ddrc_allCores_SRAM_2022_02_12,01_A53.M7.-DRAMC-cp,1,0,1,1,1,1,1,1,1,1,1,1,10,10,10,11,11,11,11,9,9,9,1,2,3,0,1,2,3,1,2,3,0,0,0,0,0,0,0,0,0,0,1,1,1,1,1,1,1,1,1,1,7,7,7,7,7,7,7,7,7,7,7,7,7,7,7,7,7,7,7,7,128,128,128,128,128,128,128,128,128,128,1,1,1,1,1,1,1,1,1,1,1,1,1,1,1,1,1,1,1,1,4095,4095,4095,4095,4095,4095,4095,255,255,255,12582912,12582912,12582912,10485760,10485760,10485760,10485760,2752512,2752512,2752512,600000,600000,600000,600000,600000,600000,600000,600000,600000,600000,452.95,452.44,452.09,388.87,388.43,387.93,387.94,87.99,87.87,88.4,Pass
S32G398_Rev1_0_resG3_02C10_tst01_Ver04_ddrc_allCores_SRAM_2022_02_12,02_A53.M7.-DRAMC-wr,2,1,1,1,1,1,1,1,1,1,1,1,10,10,10,11,11,11,11,9,9,9,1,2,3,0,1,2,3,1,2,3,0,0,0,0,0,0,0,0,0,0,1,1,1,1,1,1,1,1,1,1,0,0,0,0,0,0,0,0,0,0,7,7,7,7,7,7,7,7,7,7,128,128,128,128,128,128,128,128,128,128,1,1,1,1,1,1,1,1,1,1,1,1,1,1,1,1,1,1,1,1,4095,4095,4095,4095,4095,4095,4095,255,255,255,92274688,92274688,92274688,83886080,83886080,83886080,83886080,100663296,100663296,100663296,600000,600000,600000,600000,600000,600000,600000,600000,600000,600000,357.1,355.89,357.42,311.27,309.97,309.95,311.38,401.02,401.01,401.03,Pass
S32G398_Rev1_0_resG3_02C10_tst01_Ver04_ddrc_allCores_SRAM_2022_02_12,02_A53.M7.-DRAMC-wr,1,1,1,1,1,1,1,1,1,1,1,1,10,10,10,11,11,11,11,9,9,9,1,2,3,0,1,2,3,1,2,3,0,0,0,0,0,0,0,0,0,0,1,1,1,1,1,1,1,1,1,1,0,0,0,0,0,0,0,0,0,0,7,7,7,7,7,7,7,7,7,7,128,128,128,128,128,128,128,128,128,128,1,1,1,1,1,1,1,1,1,1,1,1,1,1,1,1,1,1,1,1,4095,4095,4095,4095,4095,4095,4095,255,255,255,92274688,92274688,92274688,83886080,83886080,83886080,83886080,100663296,100663296,100663296,600000,600000,600000,600000,600000,600000,600000,600000,600000,600000,357.42,356.22,357.8,311.74,310.39,310.4,311.77,401.66,401.66,401.67,Pass
S32G398_Rev1_0_resG3_02C10_tst01_Ver04_ddrc_allCores_SRAM_2022_02_12,02_A53.M7.-DRAMC-wr,2,0,1,1,1,1,1,1,1,1,1,1,10,10,10,11,11,11,11,9,9,9,1,2,3,0,1,2,3,1,2,3,0,0,0,0,0,0,0,0,0,0,1,1,1,1,1,1,1,1,1,1,0,0,0,0,0,0,0,0,0,0,7,7,7,7,7,7,7,7,7,7,128,128,128,128,128,128,128,128,128,128,1,1,1,1,1,1,1,1,1,1,1,1,1,1,1,1,1,1,1,1,4095,4095,4095,4095,4095,4095,4095,255,255,255,10485760,10485760,10485760,8388608,8388608,8388608,8388608,8388608,8388608,8388608,600000,600000,600000,600000,600000,600000,600000,600000,600000,600000,810.34,805.54,810.27,631.2,625.74,625.64,631.48,691.62,691.44,691.56,Pass
S32G398_Rev1_0_resG3_02C10_tst01_Ver04_ddrc_allCores_SRAM_2022_02_12,02_A53.M7.-DRAMC-wr,1,0,1,1,1,1,1,1,1,1,1,1,10,10,10,11,11,11,11,9,9,9,1,2,3,0,1,2,3,1,2,3,0,0,0,0,0,0,0,0,0,0,1,1,1,1,1,1,1,1,1,1,0,0,0,0,0,0,0,0,0,0,7,7,7,7,7,7,7,7,7,7,128,128,128,128,128,128,128,128,128,128,1,1,1,1,1,1,1,1,1,1,1,1,1,1,1,1,1,1,1,1,4095,4095,4095,4095,4095,4095,4095,255,255,255,10485760,10485760,10485760,8388608,8388608,8388608,8388608,8388608,8388608,8388608,600000,600000,600000,600000,600000,600000,600000,600000,600000,600000,820.29,815.63,820.8,638.94,633.25,633.2,638.69,693.9,693.73,693.85,Pass
S32G398_Rev1_0_resG3_02C10_tst01_Ver04_ddrc_allCores_SRAM_2022_02_12,03_A53.M7.-DRAM-wr,2,0,1,1,1,1,1,1,1,1,1,1,10,10,10,11,11,11,11,9,9,9,1,2,3,0,1,2,3,1,2,3,0,0,0,0,0,0,0,0,0,0,1,1,1,1,1,1,1,1,1,1,0,0,0,0,0,0,0,0,0,0,3,3,3,3,3,3,3,3,3,3,128,128,128,128,128,128,128,128,128,128,1,1,1,1,1,1,1,1,1,1,1,1,1,1,1,1,1,1,1,1,4095,4095,4095,4095,4095,4095,4095,255,255,255,10485760,10485760,10485760,8388608,8388608,8388608,8388608,8388608,8388608,8388608,600000,600000,600000,600000,600000,600000,600000,600000,600000,600000,809.02,806.47,809.21,636.03,631.72,632.1,636.37,678.96,678.85,678.91,Pass
S32G398_Rev1_0_resG3_02C10_tst01_Ver04_ddrc_allCores_SRAM_2022_02_12,03_A53.M7.-DRAM-wr,1,0,1,1,1,1,1,1,1,1,1,1,10,10,10,11,11,11,11,9,9,9,1,2,3,0,1,2,3,1,2,3,0,0,0,0,0,0,0,0,0,0,1,1,1,1,1,1,1,1,1,1,0,0,0,0,0,0,0,0,0,0,3,3,3,3,3,3,3,3,3,3,128,128,128,128,128,128,128,128,128,128,1,1,1,1,1,1,1,1,1,1,1,1,1,1,1,1,1,1,1,1,4095,4095,4095,4095,4095,4095,4095,255,255,255,10485760,10485760,10485760,8388608,8388608,8388608,8388608,8388608,8388608,8388608,600000,600000,600000,600000,600000,600000,600000,600000,600000,600000,813.29,810.09,813.23,638.94,634.73,634.92,639.08,678.96,678.8,678.91,Pass
S32G398_Rev1_0_resG3_02C10_tst01_Ver04_ddrc_allCores_SRAM_2022_02_12,04_A53.M7.-DRAMx-wr,2,0,1,1,1,1,1,1,1,1,1,1,10,10,10,11,11,11,11,9,9,9,1,2,3,0,1,2,3,1,2,3,0,0,0,0,0,0,0,0,0,0,1,1,1,1,1,1,1,1,1,1,0,0,0,0,0,0,0,0,0,0,3,7,3,3,3,7,7,3,7,3,128,128,128,128,128,128,128,128,128,128,1,1,1,1,1,1,1,1,1,1,1,1,1,1,1,1,1,1,1,1,4095,4095,4095,4095,4095,4095,4095,255,255,255,10485760,10485760,10485760,8388608,8388608,8388608,8388608,8388608,8388608,8388608,600000,600000,600000,600000,600000,600000,600000,600000,600000,600000,816.65,1057.25,816.58,669.96,665.82,683.67,690.88,653.32,653.47,653.42,Pass
S32G398_Rev1_0_resG3_02C10_tst01_Ver04_ddrc_allCores_SRAM_2022_02_12,04_A53.M7.-DRAMx-wr,1,0,1,1,1,1,1,1,1,1,1,1,10,10,10,11,11,11,11,9,9,9,1,2,3,0,1,2,3,1,2,3,0,0,0,0,0,0,0,0,0,0,1,1,1,1,1,1,1,1,1,1,0,0,0,0,0,0,0,0,0,0,3,7,3,3,3,7,7,3,7,3,128,128,128,128,128,128,128,128,128,128,1,1,1,1,1,1,1,1,1,1,1,1,1,1,1,1,1,1,1,1,4095,4095,4095,4095,4095,4095,4095,255,255,255,10485760,10485760,10485760,8388608,8388608,8388608,8388608,8388608,8388608,8388608,600000,600000,600000,600000,600000,600000,600000,600000,600000,600000,814.68,1045.13,814.87,667.94,663.92,680.18,687.65,653.22,653.32,653.27,Pass
S32G398_Rev1_0_resG3_02C10_tst01_Ver04_ddrc_allCores_SRAM_2022_02_12,"05_A53Cl0.DramC,A53Cl1.Dram,M7DRAMC.-DRAMx-wr",2,0,1,1,1,1,1,1,1,1,1,1,10,10,10,11,11,11,11,9,9,9,1,2,3,0,1,2,3,1,2,3,0,0,0,0,0,0,0,0,0,0,1,1,1,1,1,1,1,1,1,1,0,0,0,0,0,0,0,0,0,0,7,7,7,3,3,3,3,7,7,7,128,128,128,128,128,128,128,128,128,128,1,1,1,1,1,1,1,1,1,1,1,1,1,1,1,1,1,1,1,1,4095,4095,4095,4095,4095,4095,4095,255,255,255,10485760,10485760,10485760,8388608,8388608,8388608,8388608,8388608,8388608,8388608,600000,600000,600000,600000,600000,600000,600000,600000,600000,600000,912.84,910.22,926.22,702.5,695.92,695.98,702.15,673.35,673.35,673.46,Pass
S32G398_Rev1_0_resG3_02C10_tst01_Ver04_ddrc_allCores_SRAM_2022_02_12,"05_A53Cl0.DramC,A53Cl1.Dram,M7DRAMC.-DRAMx-wr",1,0,1,1,1,1,1,1,1,1,1,1,10,10,10,11,11,11,11,9,9,9,1,2,3,0,1,2,3,1,2,3,0,0,0,0,0,0,0,0,0,0,1,1,1,1,1,1,1,1,1,1,0,0,0,0,0,0,0,0,0,0,7,7,7,3,3,3,3,7,7,7,128,128,128,128,128,128,128,128,128,128,1,1,1,1,1,1,1,1,1,1,1,1,1,1,1,1,1,1,1,1,4095,4095,4095,4095,4095,4095,4095,255,255,255,10485760,10485760,10485760,8388608,8388608,8388608,8388608,8388608,8388608,8388608,600000,600000,600000,600000,600000,600000,600000,600000,600000,600000,913.08,911.25,928.19,703.51,697.13,697.25,703.39,674.16,674.16,674.27,Pass
S32G398_Rev1_0_resG3_02C10_tst01_Ver04_ddrc_allCores_SRAM_2022_02_12,"06_A53Cl0.DramX,A53Cl0.DramX,M7DRAMC.-DRAMx-wr",2,0,1,1,1,1,1,1,1,1,1,1,10,10,10,11,11,11,11,9,9,9,1,2,3,0,1,2,3,1,2,3,0,0,0,0,0,0,0,0,0,0,1,1,1,1,1,1,1,1,1,1,0,0,0,0,0,0,0,0,0,0,7,3,7,3,3,7,7,7,7,7,128,128,128,128,128,128,128,128,128,128,1,1,1,1,1,1,1,1,1,1,1,1,1,1,1,1,1,1,1,1,4095,4095,4095,4095,4095,4095,4095,255,255,255,10485760,10485760,10485760,8388608,8388608,8388608,8388608,8388608,8388608,8388608,600000,600000,600000,600000,600000,600000,600000,600000,600000,600000,783.34,790.72,783.69,695.63,679.07,656.23,660.94,664.71,664.65,664.76,Pass
S32G398_Rev1_0_resG3_02C10_tst01_Ver04_ddrc_allCores_SRAM_2022_02_12,"06_A53Cl0.DramX,A53Cl0.DramX,M7DRAMC.-DRAMx-wr",1,0,1,1,1,1,1,1,1,1,1,1,10,10,10,11,11,11,11,9,9,9,1,2,3,0,1,2,3,1,2,3,0,0,0,0,0,0,0,0,0,0,1,1,1,1,1,1,1,1,1,1,0,0,0,0,0,0,0,0,0,0,7,3,7,3,3,7,7,7,7,7,128,128,128,128,128,128,128,128,128,128,1,1,1,1,1,1,1,1,1,1,1,1,1,1,1,1,1,1,1,1,4095,4095,4095,4095,4095,4095,4095,255,255,255,10485760,10485760,10485760,8388608,8388608,8388608,8388608,8388608,8388608,8388608,600000,600000,600000,600000,600000,600000,600000,600000,600000,600000,787.81,796.31,788.28,700.8,685.85,660.52,664.92,665.6,665.55,665.6,Pass
S32G398_Rev1_0_resG3_02C10_tst01_Ver04_ddrc_allCores_SRAM_2022_02_12,07_A53.M7.-DRAMC-rd,2,1,1,1,1,1,1,1,1,1,1,1,10,10,10,11,11,11,11,9,9,9,1,2,3,0,1,2,3,1,2,3,0,0,0,0,0,0,0,0,0,0,1,1,1,1,1,1,1,1,1,1,7,7,7,7,7,7,7,7,7,7,0,0,0,0,0,0,0,0,0,0,128,128,128,128,128,128,128,128,128,128,1,1,1,1,1,1,1,1,1,1,1,1,1,1,1,1,1,1,1,1,4095,4095,4095,4095,4095,4095,4095,255,255,255,12582912,12582912,12582912,12582912,12582912,12582912,12582912,1835008,1835008,1835008,600000,600000,600000,600000,600000,600000,600000,600000,600000,600000,824.14,830.5,830.34,830.34,830.12,830.17,829.57,112.25,112.45,112.68,Pass
S32G398_Rev1_0_resG3_02C10_tst01_Ver04_ddrc_allCores_SRAM_2022_02_12,07_A53.M7.-DRAMC-rd,1,1,1,1,1,1,1,1,1,1,1,1,10,10,10,11,11,11,11,9,9,9,1,2,3,0,1,2,3,1,2,3,0,0,0,0,0,0,0,0,0,0,1,1,1,1,1,1,1,1,1,1,7,7,7,7,7,7,7,7,7,7,0,0,0,0,0,0,0,0,0,0,128,128,128,128,128,128,128,128,128,128,1,1,1,1,1,1,1,1,1,1,1,1,1,1,1,1,1,1,1,1,4095,4095,4095,4095,4095,4095,4095,255,255,255,12582912,12582912,12582912,12582912,12582912,12582912,12582912,1835008,1835008,1835008,600000,600000,600000,600000,600000,600000,600000,600000,600000,600000,830.23,830.45,830.61,830.56,830.28,829.51,831.38,112.22,112.4,112.69,Pass
S32G398_Rev1_0_resG3_02C10_tst01_Ver04_ddrc_allCores_SRAM_2022_02_12,07_A53.M7.-DRAMC-rd,2,0,1,1,1,1,1,1,1,1,1,1,10,10,10,11,11,11,11,9,9,9,1,2,3,0,1,2,3,1,2,3,0,0,0,0,0,0,0,0,0,0,1,1,1,1,1,1,1,1,1,1,7,7,7,7,7,7,7,7,7,7,0,0,0,0,0,0,0,0,0,0,128,128,128,128,128,128,128,128,128,128,1,1,1,1,1,1,1,1,1,1,1,1,1,1,1,1,1,1,1,1,4095,4095,4095,4095,4095,4095,4095,255,255,255,12582912,12582912,12582912,12582912,12582912,12582912,12582912,1835008,1835008,1835008,600000,600000,600000,600000,600000,600000,600000,600000,600000,600000,1070.61,1059.26,1066.08,1068.88,1069.34,1066.98,1041.2,140.26,140.62,140.98,Pass
S32G398_Rev1_0_resG3_02C10_tst01_Ver04_ddrc_allCores_SRAM_2022_02_12,07_A53.M7.-DRAMC-rd,1,0,1,1,1,1,1,1,1,1,1,1,10,10,10,11,11,11,11,9,9,9,1,2,3,0,1,2,3,1,2,3,0,0,0,0,0,0,0,0,0,0,1,1,1,1,1,1,1,1,1,1,7,7,7,7,7,7,7,7,7,7,0,0,0,0,0,0,0,0,0,0,128,128,128,128,128,128,128,128,128,128,1,1,1,1,1,1,1,1,1,1,1,1,1,1,1,1,1,1,1,1,4095,4095,4095,4095,4095,4095,4095,255,255,255,12582912,12582912,12582912,12582912,12582912,12582912,12582912,1835008,1835008,1835008,600000,600000,600000,600000,600000,600000,600000,600000,600000,600000,1063.37,1067.34,1057.92,1064.09,1068.25,1057.03,1060.51,140.26,140.52,140.94,Pass
S32G398_Rev1_0_resG3_02C10_tst01_Ver04_ddrc_allCores_SRAM_2022_02_12,08_A53.M7.-DRAMC-RdWrCp,2,1,1,1,1,1,1,1,1,1,1,1,10,10,10,11,11,11,11,9,9,9,1,2,3,0,1,2,3,1,2,3,0,0,0,0,0,0,0,0,0,0,1,1,1,1,1,1,1,1,1,1,7,0,7,7,0,7,0,7,0,7,0,7,7,0,7,7,7,0,7,7,128,128,128,128,128,128,128,128,128,128,1,1,1,1,1,1,1,1,1,1,1,1,1,1,1,1,1,1,1,1,4095,4095,4095,4095,4095,4095,4095,255,255,255,4194304,12582912,4194304,4194304,12582912,4194304,12582912,655360,7340032,655360,600000,600000,600000,600000,600000,600000,600000,600000,600000,600000,235.16,1028.27,234.46,231.88,788.21,230.49,789.19,36.09,685.86,36.01,Pass
S32G398_Rev1_0_resG3_02C10_tst01_Ver04_ddrc_allCores_SRAM_2022_02_12,08_A53.M7.-DRAMC-RdWrCp,1,1,1,1,1,1,1,1,1,1,1,1,10,10,10,11,11,11,11,9,9,9,1,2,3,0,1,2,3,1,2,3,0,0,0,0,0,0,0,0,0,0,1,1,1,1,1,1,1,1,1,1,7,0,7,7,0,7,0,7,0,7,0,7,7,0,7,7,7,0,7,7,128,128,128,128,128,128,128,128,128,128,1,1,1,1,1,1,1,1,1,1,1,1,1,1,1,1,1,1,1,1,4095,4095,4095,4095,4095,4095,4095,255,255,255,4194304,12582912,4194304,4194304,12582912,4194304,12582912,655360,7340032,655360,600000,600000,600000,600000,600000,600000,600000,600000,600000,600000,234.52,1024.92,233.9,231.36,785.16,230.22,786.09,36.03,685.09,36.09,Pass
S32G398_Rev1_0_resG3_02C10_tst01_Ver04_ddrc_allCores_SRAM_2022_02_12,08_A53.M7.-DRAMC-RdWrCp,2,1,1,1,1,1,1,1,1,1,1,1,10,10,10,11,11,11,11,9,9,9,1,2,3,0,1,2,3,1,2,3,0,0,0,0,0,0,0,0,0,0,1,1,1,1,1,1,1,1,1,1,7,0,7,7,0,7,0,7,0,7,0,7,7,0,7,7,3,0,7,7,128,128,128,128,128,128,128,128,128,128,1,1,1,1,1,1,1,1,1,1,1,1,1,1,1,1,1,1,1,1,4095,4095,4095,4095,4095,4095,4095,255,255,255,4194304,12582912,4194304,4194304,12582912,4194304,12582912,655360,7340032,655360,600000,600000,600000,600000,600000,600000,600000,600000,600000,600000,233.55,843.75,232.77,232.76,826.36,232.35,846.25,36.06,668.43,36.02,Pass
S32G398_Rev1_0_resG3_02C10_tst01_Ver04_ddrc_allCores_SRAM_2022_02_12,08_A53.M7.-DRAMC-RdWrCp,1,1,1,1,1,1,1,1,1,1,1,1,10,10,10,11,11,11,11,9,9,9,1,2,3,0,1,2,3,1,2,3,0,0,0,0,0,0,0,0,0,0,1,1,1,1,1,1,1,1,1,1,7,0,7,7,0,7,0,7,0,7,0,7,7,0,7,7,3,0,7,7,128,128,128,128,128,128,128,128,128,128,1,1,1,1,1,1,1,1,1,1,1,1,1,1,1,1,1,1,1,1,4095,4095,4095,4095,4095,4095,4095,255,255,255,4194304,12582912,4194304,4194304,12582912,4194304,12582912,655360,7340032,655360,600000,600000,600000,600000,600000,600000,600000,600000,600000,600000,232.64,846.65,232.99,233.07,828.53,232.78,847.91,36.11,669.65,36.03,Pass
S32G398_Rev1_0_resG3_02C10_tst01_Ver04_ddrc_allCores_SRAM_2022_02_12,08_A53.M7.-DRAMC-RdWrCp,2,0,1,1,1,1,1,1,1,1,1,1,10,10,10,11,11,11,11,9,9,9,1,2,3,0,1,2,3,1,2,3,0,0,0,0,0,0,0,0,0,0,1,1,1,1,1,1,1,1,1,1,7,0,7,7,0,7,0,7,0,7,0,7,7,0,7,7,7,0,7,7,128,128,128,128,128,128,128,128,128,128,1,1,1,1,1,1,1,1,1,1,1,1,1,1,1,1,1,1,1,1,4095,4095,4095,4095,4095,4095,4095,255,255,255,4194304,12582912,4194304,4194304,12582912,4194304,12582912,655360,7340032,655360,600000,600000,600000,600000,600000,600000,600000,600000,600000,600000,394.83,3319.15,394.8,395.28,2048,394.46,2047.33,58.67,980.5,58.44,Pass
S32G398_Rev1_0_resG3_02C10_tst01_Ver04_ddrc_allCores_SRAM_2022_02_12,08_A53.M7.-DRAMC-RdWrCp,1,0,1,1,1,1,1,1,1,1,1,1,10,10,10,11,11,11,11,9,9,9,1,2,3,0,1,2,3,1,2,3,0,0,0,0,0,0,0,0,0,0,1,1,1,1,1,1,1,1,1,1,7,0,7,7,0,7,0,7,0,7,0,7,7,0,7,7,7,0,7,7,128,128,128,128,128,128,128,128,128,128,1,1,1,1,1,1,1,1,1,1,1,1,1,1,1,1,1,1,1,1,4095,4095,4095,4095,4095,4095,4095,255,255,255,4194304,12582912,4194304,4194304,12582912,4194304,12582912,655360,7340032,655360,600000,600000,600000,600000,600000,600000,600000,600000,600000,600000,393.61,3314.78,394.68,395.65,2046.33,394.5,2046,58.71,980.76,58.38,Pass
S32G398_Rev1_0_resG3_02C10_tst01_Ver04_ddrc_allCores_SRAM_2022_02_12,08_A53.M7.-DRAMC-RdWrCp,2,0,1,1,1,1,1,1,1,1,1,1,10,10,10,11,11,11,11,9,9,9,1,2,3,0,1,2,3,1,2,3,0,0,0,0,0,0,0,0,0,0,1,1,1,1,1,1,1,1,1,1,7,0,7,7,0,7,0,7,0,7,0,7,7,0,7,7,3,0,7,7,128,128,128,128,128,128,128,128,128,128,1,1,1,1,1,1,1,1,1,1,1,1,1,1,1,1,1,1,1,1,4095,4095,4095,4095,4095,4095,4095,255,255,255,4194304,12582912,4194304,4194304,12582912,4194304,12582912,655360,7340032,655360,600000,600000,600000,600000,600000,600000,600000,600000,600000,600000,421.58,2455.2,420.27,420.52,2360.33,420.99,2355.47,62,952.63,61.87,Pass
S32G398_Rev1_0_resG3_02C10_tst01_Ver04_ddrc_allCores_SRAM_2022_02_12,08_A53.M7.-DRAMC-RdWrCp,1,0,1,1,1,1,1,1,1,1,1,1,10,10,10,11,11,11,11,9,9,9,1,2,3,0,1,2,3,1,2,3,0,0,0,0,0,0,0,0,0,0,1,1,1,1,1,1,1,1,1,1,7,0,7,7,0,7,0,7,0,7,0,7,7,0,7,7,3,0,7,7,128,128,128,128,128,128,128,128,128,128,1,1,1,1,1,1,1,1,1,1,1,1,1,1,1,1,1,1,1,1,4095,4095,4095,4095,4095,4095,4095,255,255,255,4194304,12582912,4194304,4194304,12582912,4194304,12582912,655360,7340032,655360,600000,600000,600000,600000,600000,600000,600000,600000,600000,600000,419.01,2462.41,420.65,419.3,2366.54,420.95,2362.99,62.13,953.37,61.76,Pass
